Date,AAPL,AMZN,MSFT,NVDA,SP500,TSLA
2020-09-08,112.82,157.492,202.66,11.913,3331.8,110.07
2020-09-09,117.32,163.4305,211.29,12.715,3399.0,122.0933
2020-09-10,113.49,158.7555,205.37,12.3118,3339.2,123.78
2020-09-11,112.0,155.811,204.03,12.1645,3341.0,124.24
2020-09-14,115.355,155.1485,205.41,12.8723,3383.5,139.8733
2020-09-15,115.54,157.8065,208.78,12.991,3401.2,149.92
2020-09-16,112.13,153.905,205.05,12.5145,3385.5,147.2533
2020-09-17,110.34,150.4365,202.91,12.4635,3357.0,141.1433
2020-09-18,106.84,147.7455,200.39,12.1893,3319.5,147.3833
2020-09-21,110.08,148.0235,202.54,12.5173,3281.1,149.7967
2020-09-22,111.81,156.4495,207.42,12.6378,3315.6,141.41
2020-09-23,107.12,149.993,200.59,12.1238,3236.9,126.7867
2020-09-24,108.22,150.9895,203.19,12.348,3246.6,129.2633
2020-09-25,112.28,154.7565,207.82,12.8738,3298.5,135.78
2020-09-28,114.96,158.7025,209.44,13.035,3351.6,140.4
2020-09-29,114.09,157.244,207.26,13.2258,3335.5,139.69
2020-09-30,115.81,157.4365,210.33,13.5305,3363.0,143.0033
2020-10-01,116.79,161.063,212.46,13.6145,3380.8,149.3867
2020-10-02,113.02,156.25,206.19,13.0623,3348.4,138.3633
2020-10-05,116.5,159.96,210.38,13.6425,3408.6,141.8933
2020-10-06,113.16,154.998,205.91,13.7365,3360.9,137.9933
2020-10-07,115.08,159.7845,209.83,13.964,3419.4,141.7667
2020-10-08,114.97,159.5275,210.58,13.8387,3446.8,141.9733
2020-10-09,116.97,164.3325,215.81,13.7628,3477.1,144.6667
2020-10-12,124.4,172.1465,221.4,14.226,3534.2,147.4333
2020-10-13,121.1,172.1815,222.86,14.2482,3511.9,148.8833
2020-10-14,121.19,168.1855,220.86,14.0953,3488.7,153.7667
2020-10-15,120.71,166.9325,219.66,13.97,3483.3,149.6267
2020-10-16,119.02,163.6355,219.66,13.8115,3483.8,146.5567
2020-10-19,115.98,160.3605,214.22,13.4978,3426.9,143.61
2020-10-20,117.51,160.8505,214.65,13.6455,3443.1,140.6467
2020-10-21,116.87,159.247,214.8,13.5248,3435.6,140.88
2020-10-22,115.75,158.82,214.89,13.361,3453.5,141.93
2020-10-23,115.04,160.22,216.23,13.5903,3465.4,140.21
2020-10-26,115.05,160.352,210.08,13.1412,3401.0,140.0933
2020-10-27,116.6,164.3165,213.25,13.3968,3390.7,141.56
2020-10-28,111.2,158.139,202.68,12.627,3271.0,135.34
2020-10-29,115.32,160.5505,204.72,13.024,3310.1,136.9433
2020-10-30,108.86,151.8075,202.47,12.534,3270.0,129.3467
2020-11-02,108.77,150.224,202.33,12.5808,3310.2,133.5033
2020-11-03,110.44,152.4205,206.43,13.0195,3369.2,141.3
2020-11-04,114.95,162.058,216.39,13.7943,3443.4,140.3267
2020-11-05,119.03,166.1,223.29,14.16,3510.4,146.03
2020-11-06,118.69,165.5685,223.72,14.562,3509.4,143.3167
2020-11-09,116.32,157.187,218.39,13.6308,3550.5,140.42
2020-11-10,115.97,151.751,211.01,12.77,3545.5,136.7867
2020-11-11,119.49,156.8695,216.55,13.418,3572.7,139.0433
2020-11-12,119.21,155.514,215.44,13.4568,3537.0,137.2533
2020-11-13,119.26,156.4405,216.51,13.297,3585.2,136.1667
2020-11-16,120.3,156.553,217.23,13.5153,3626.9,136.03
2020-11-17,119.39,156.783,214.46,13.4223,3609.5,147.2033
2020-11-18,118.03,155.273,211.08,13.4288,3567.8,162.2133
2020-11-19,118.64,155.851,212.42,13.4403,3581.9,166.4233
2020-11-20,117.34,154.97,210.39,13.0878,3557.5,163.2033
2020-11-23,113.85,154.9195,210.11,13.14,3577.6,173.95
2020-11-24,115.17,155.903,213.86,12.9577,3635.4,185.1266
2020-11-25,116.03,159.2535,213.87,13.2348,3629.7,191.3333
2020-11-27,116.59,159.767,215.23,13.2613,3638.3,195.2533
2020-11-30,119.05,158.402,214.07,13.4015,3621.6,189.2
2020-12-01,122.72,161.004,216.21,13.39,3662.4,194.92
2020-12-02,123.08,160.1765,215.37,13.5445,3669.0,189.6066
2020-12-03,122.94,159.3365,214.24,13.396,3666.7,197.7933
2020-12-04,122.25,158.129,214.36,13.5583,3699.1,199.68
2020-12-07,123.75,157.9,214.29,13.6068,3692.0,213.92
2020-12-08,124.38,158.8645,216.01,13.35,3702.2,216.6266
2020-12-09,121.78,155.21,211.8,12.9308,3672.8,201.4933
2020-12-10,123.24,155.0745,210.52,12.9723,3668.1,209.0233
2020-12-11,122.41,155.821,213.26,13.0132,3663.5,203.33
2020-12-14,121.78,157.8485,214.2,13.3088,3647.5,213.2766
2020-12-15,127.88,158.256,214.13,13.3605,3694.6,211.0833
2020-12-16,127.81,162.048,219.28,13.2425,3701.2,207.59
2020-12-17,128.7,161.804,219.42,13.3413,3722.5,218.6333
2020-12-18,126.655,160.0825,218.59,13.272,3709.4,231.6666
2020-12-21,128.23,160.309,222.59,13.3323,3694.9,216.62
2020-12-22,131.88,160.326,223.94,13.2783,3687.3,213.4466
2020-12-23,130.96,159.2635,221.02,13.0093,3690.0,215.3266
2020-12-24,131.97,158.6345,222.75,12.9938,3703.1,220.59
2020-12-28,136.69,164.198,224.96,12.9,3735.4,221.23
2020-12-29,134.87,166.1,224.15,12.9433,3727.0,221.9966
2020-12-30,133.72,164.2925,221.68,13.1458,3732.0,231.5933
2020-12-31,132.69,162.8465,222.42,13.055,3756.1,235.2233
2021-01-04,129.41,159.3315,217.69,13.1135,3700.7,243.2566
2021-01-05,131.01,160.9255,217.9,13.4048,3726.9,245.0366
2021-01-06,126.6,156.919,212.25,12.6145,3748.1,251.9933
2021-01-07,130.92,158.108,218.29,13.344,3803.8,272.0133
2021-01-08,132.05,159.135,219.62,13.2768,3824.7,293.34
2021-01-11,128.98,155.7105,217.49,13.6215,3799.6,270.3966
2021-01-12,128.8,156.0415,214.93,13.4848,3801.2,283.1466
2021-01-13,130.89,158.2945,216.34,13.5318,3809.8,284.8033
2021-01-14,128.91,156.3735,213.02,13.2003,3795.5,281.6666
2021-01-15,127.14,155.2125,212.65,12.8595,3768.2,275.3866
2021-01-19,127.83,156.038,216.44,13.0253,3798.9,281.5166
2021-01-20,132.03,163.169,224.34,13.3658,3851.8,283.4833
2021-01-21,136.87,165.3495,224.97,13.8675,3853.1,281.6633
2021-01-22,139.07,164.6115,225.95,13.7125,3841.5,282.2133
2021-01-25,142.92,164.7,229.53,13.6533,3855.4,293.6
2021-01-26,143.16,166.3065,232.33,13.4353,3849.6,294.3633
2021-01-27,142.06,161.629,232.9,12.9178,3750.8,288.0533
2021-01-28,137.09,161.881,238.93,13.051,3787.4,278.4766
2021-01-29,131.96,160.31,231.96,12.9898,3714.2,264.51
2021-02-01,134.14,167.144,239.65,13.237,3773.9,279.9366
2021-02-02,134.99,169.0,239.51,13.5568,3826.3,290.93
2021-02-03,133.94,165.6265,243.0,13.5305,3830.2,284.8966
2021-02-04,137.39,166.55,242.01,13.6643,3871.7,283.33
2021-02-05,136.76,167.6075,242.2,13.591,3886.8,284.0766
2021-02-08,136.91,166.147,242.47,14.4387,3915.6,287.8066
2021-02-09,136.01,165.25,243.77,14.2632,3911.2,283.1533
2021-02-10,135.39,164.329,242.82,14.7643,3909.9,268.2733
2021-02-11,135.13,163.1065,244.49,15.2508,3916.4,270.5533
2021-02-12,135.37,163.8855,244.99,14.9613,3934.8,272.04
2021-02-16,133.19,163.4475,243.7,15.3303,3932.6,265.4066
2021-02-17,130.84,165.432,244.2,14.906,3931.3,266.05
2021-02-18,129.71,166.4115,243.79,14.829,3914.0,262.46
2021-02-19,129.87,162.495,240.97,14.9265,3906.7,260.4333
2021-02-22,126.0,159.037,234.51,14.3558,3876.5,238.1666
2021-02-23,125.86,159.725,233.27,14.142,3881.4,232.9466
2021-02-24,125.35,157.9765,234.55,14.499,3925.4,247.34
2021-02-25,120.99,152.858,228.99,13.3075,3829.3,227.4066
2021-02-26,121.26,154.6465,232.38,13.7145,3811.2,225.1666
2021-03-01,127.79,157.307,236.94,13.8417,3901.8,239.4766
2021-03-02,125.12,154.7265,233.87,13.4063,3870.3,228.8133
2021-03-03,122.06,150.25,227.56,12.8048,3819.7,217.7333
2021-03-04,120.13,148.8785,226.73,12.3703,3768.5,207.1466
2021-03-05,121.42,150.023,231.6,12.4615,3841.9,199.3166
2021-03-08,116.36,147.5975,227.39,11.5933,3821.3,187.6666
2021-03-09,121.085,153.1425,233.78,12.5203,3875.4,224.5266
2021-03-10,119.98,152.882,232.42,12.4683,3898.8,222.6866
2021-03-11,121.96,155.6795,237.13,12.9935,3939.3,233.2
2021-03-12,121.03,154.4745,235.75,12.856,3943.3,231.2433
2021-03-15,123.99,154.084,234.81,13.1913,3968.9,235.98
2021-03-16,125.57,154.593,237.71,13.2913,3962.7,225.6266
2021-03-17,124.76,156.7865,237.04,13.3413,3974.1,233.9366
2021-03-18,120.53,151.3995,230.72,12.7225,3915.5,217.72
2021-03-19,119.99,153.748,230.35,12.8458,3913.1,218.29
2021-03-22,123.39,155.5435,235.99,13.1863,3940.6,223.3333
2021-03-23,122.54,156.875,237.58,13.0708,3910.5,220.72
2021-03-24,120.09,154.3535,235.46,12.643,3889.1,210.09
2021-03-25,120.59,152.313,232.34,12.5353,3909.5,213.4633
2021-03-26,121.21,152.6015,236.48,12.8393,3974.5,206.2366
2021-03-29,121.39,153.7865,235.24,12.9483,3971.1,203.7633
2021-03-30,119.9,152.7645,231.85,12.8718,3958.6,211.8733
2021-03-31,122.15,154.704,235.77,13.3483,3972.9,222.6433
2021-04-01,123.0,158.05,242.35,13.8118,4019.9,220.5833
2021-04-05,125.9,161.3365,249.07,13.9875,4077.9,230.35
2021-04-06,126.21,161.191,247.86,13.8615,4073.9,230.54
2021-04-07,127.9,163.9695,249.9,14.1435,4079.9,223.6566
2021-04-08,130.36,164.965,253.25,14.317,4097.2,227.9333
2021-04-09,132.995,168.61,255.85,14.4,4128.8,225.6733
2021-04-12,131.24,168.9695,255.91,15.209,4128.0,233.9933
2021-04-13,134.43,170.0,258.49,15.6795,4141.6,254.1066
2021-04-14,132.03,166.65,255.59,15.277,4124.7,244.0766
2021-04-15,134.5,168.9545,259.5,16.1373,4170.4,246.2833
2021-04-16,134.16,169.972,260.74,15.9125,4185.5,246.5933
2021-04-19,134.84,168.6005,258.74,15.3618,4163.3,238.21
2021-04-20,133.11,166.7345,258.26,15.1713,4134.9,239.6633
2021-04-21,133.5,168.101,260.58,15.3605,4173.4,248.04
2021-04-22,131.94,165.452,257.17,14.8503,4135.0,239.8966
2021-04-23,134.32,167.044,261.15,15.2653,4180.2,243.1333
2021-04-26,134.72,170.45,261.55,15.478,4187.6,246.0666
2021-04-27,134.39,170.8715,261.97,15.3818,4186.7,234.9133
2021-04-28,133.58,172.925,254.56,15.2768,4183.2,231.4666
2021-04-29,133.48,173.5655,252.51,15.3248,4211.5,225.6666
2021-04-30,131.46,173.371,252.18,15.0095,4181.2,236.48
2021-05-03,132.54,169.3245,251.86,14.8368,4192.7,228.3
2021-05-04,127.85,165.5935,247.79,14.3513,4164.7,224.5333
2021-05-05,128.1,163.527,246.47,14.4585,4167.6,223.6466
2021-05-06,129.74,165.3185,249.73,14.523,4201.6,221.18
2021-05-07,130.21,164.5805,252.46,14.8123,4232.6,224.1233
2021-05-10,126.85,159.5245,247.18,14.2658,4188.4,209.68
2021-05-11,125.91,161.1955,246.23,14.3063,4152.1,205.7333
2021-05-12,122.77,157.597,239.0,13.7585,4063.0,196.63
2021-05-13,124.97,158.0735,243.03,13.6653,4112.5,190.5633
2021-05-14,127.45,161.145,248.15,14.243,4173.9,196.58
2021-05-17,126.27,163.5195,245.18,14.1655,4163.3,192.2766
2021-05-18,124.85,161.614,243.08,14.0158,4127.8,192.6233
2021-05-19,124.69,161.59,243.12,14.0658,4115.7,187.82
2021-05-20,127.31,162.384,246.48,14.6125,4159.1,195.5933
2021-05-21,125.43,160.154,245.17,14.9918,4155.9,193.6266
2021-05-24,127.1,162.2495,250.78,15.612,4197.1,202.1466
2021-05-25,126.9,162.9525,251.72,15.6478,4188.1,201.5633
2021-05-26,126.85,163.258,251.49,15.7,4196.0,206.3766
2021-05-27,125.28,161.5055,249.31,15.488,4200.9,210.2833
2021-05-28,124.61,161.1535,249.68,16.2445,4204.1,208.4066
2021-06-01,124.28,160.9325,247.4,16.2645,4202.0,207.9666
2021-06-02,125.06,161.6995,247.3,16.7783,4208.1,201.7066
2021-06-03,123.54,159.3505,245.71,16.9698,4192.9,190.9466
2021-06-04,125.89,160.311,250.79,17.5783,4229.9,199.6833
2021-06-07,125.9,159.9005,253.81,17.619,4226.5,201.71
2021-06-08,126.74,163.2055,252.57,17.457,4227.3,201.1966
2021-06-09,127.13,164.0575,253.59,17.3583,4219.6,199.5933
2021-06-10,126.11,167.4825,257.24,17.425,4239.2,203.3733
2021-06-11,127.35,167.3415,257.89,17.8253,4247.4,203.2966
2021-06-14,130.48,169.1935,259.89,18.0188,4255.1,205.8966
2021-06-15,129.64,169.1565,258.36,17.7885,4246.6,199.7866
2021-06-16,130.15,170.7625,257.38,17.8103,4223.7,201.6233
2021-06-17,131.79,174.462,260.9,18.6573,4221.9,205.5333
2021-06-18,130.46,174.345,259.43,18.6387,4166.4,207.77
2021-06-21,132.3,172.698,262.63,18.4273,4224.8,206.9433
2021-06-22,133.98,175.272,265.51,18.8868,4246.4,207.9033
2021-06-23,133.7,175.191,265.275,19.0573,4241.8,218.8566
2021-06-24,133.41,172.454,266.69,19.2055,4266.5,226.6066
2021-06-25,133.11,170.073,265.02,19.031,4280.7,223.9566
2021-06-28,134.78,172.1945,268.72,19.985,4290.6,229.5733
2021-06-29,136.33,172.407,271.4,20.0268,4291.8,226.92
2021-06-30,136.96,172.008,270.9,20.0025,4297.5,226.5666
2021-07-01,137.27,171.6485,271.6,20.212,4319.9,225.9733
2021-07-02,139.96,175.549,277.65,20.487,4352.3,226.3
2021-07-06,142.02,183.787,277.66,20.6985,4343.5,219.86
2021-07-07,144.57,184.829,279.93,20.3718,4358.1,214.8833
2021-07-08,143.24,186.5705,277.42,19.9028,4320.8,217.6033
2021-07-09,145.11,185.967,277.94,20.0503,4369.6,218.9833
2021-07-12,144.5,185.9275,277.32,20.5125,4384.6,228.5666
2021-07-13,145.64,183.868,280.98,20.25,4369.2,222.8466
2021-07-14,149.15,184.084,282.51,19.8415,4374.3,217.7933
2021-07-15,148.48,181.56,281.03,18.9662,4360.0,216.8666
2021-07-16,146.39,178.6815,280.75,18.161,4327.2,214.74
2021-07-19,142.45,177.4795,277.01,18.7798,4258.5,215.4066
2021-07-20,146.15,178.6595,279.32,18.612,4323.1,220.1666
2021-07-21,145.4,179.26,281.4,19.41,4358.7,218.43
2021-07-22,146.8,181.9015,286.14,19.594,4367.5,216.42
2021-07-23,148.56,182.832,289.67,19.558,4411.8,214.46
2021-07-26,148.99,184.991,289.05,19.294,4422.3,219.2066
2021-07-27,146.77,181.3195,286.54,19.208,4401.5,214.9266
2021-07-28,144.98,181.516,286.22,19.503,4400.6,215.66
2021-07-29,145.64,179.996,286.5,19.662,4419.1,225.7833
2021-07-30,145.86,166.3795,284.91,19.499,4395.3,229.0666
2021-08-02,145.52,166.574,284.82,19.75,4387.2,236.5566
2021-08-03,147.36,168.312,287.12,19.815,4423.1,236.58
2021-08-04,146.95,167.736,286.51,20.274,4402.7,236.9733
2021-08-05,147.06,168.7995,289.52,20.637,4429.1,238.21
2021-08-06,146.14,167.247,289.46,20.366,4436.5,233.0333
2021-08-09,146.09,167.0935,288.33,20.295,4432.4,237.92
2021-08-10,145.6,166.034,286.44,19.936,4436.8,236.6633
2021-08-11,145.86,164.6055,286.95,19.699,4447.7,235.94
2021-08-12,148.89,165.175,289.81,19.905,4460.8,240.75
2021-08-13,149.1,164.6985,292.85,20.188,4468.0,239.0566
2021-08-16,151.12,164.9495,294.6,19.95,4479.7,228.7233
2021-08-17,150.19,162.098,293.08,19.458,4448.1,221.9033
2021-08-18,146.36,160.061,290.73,19.04,4400.3,229.6633
2021-08-19,146.7,159.3875,296.77,19.798,4405.8,224.49
2021-08-20,148.19,159.9975,304.36,20.816,4441.7,226.7533
2021-08-23,149.71,163.2935,304.65,21.958,4479.5,235.4333
2021-08-24,149.62,165.289,302.62,21.793,4486.2,236.1633
2021-08-25,148.36,164.959,302.01,22.213,4496.2,237.0666
2021-08-26,147.54,165.8,299.09,22.068,4470.0,233.72
2021-08-27,148.6,167.4815,299.72,22.636,4509.4,237.3066
2021-08-30,153.12,171.0785,303.59,22.688,4528.8,243.6366
2021-08-31,151.83,173.5395,301.88,22.385,4522.7,245.24
2021-09-01,152.51,173.95,301.83,22.441,4524.1,244.6966
2021-09-02,153.65,173.156,301.15,22.396,4536.9,244.13
2021-09-03,154.3,173.9025,301.14,22.843,4535.4,244.5233
2021-09-07,156.69,175.4645,300.18,22.662,4520.0,250.9733
2021-09-08,155.11,176.275,300.21,22.339,4514.1,251.29
2021-09-09,154.07,174.208,297.25,22.177,4493.3,251.62
2021-09-10,148.97,173.4575,295.71,22.478,4458.6,245.4233
2021-09-13,149.55,172.8585,296.99,22.152,4468.7,247.6666
2021-09-14,148.12,172.5,299.79,22.242,4443.1,248.1633
2021-09-15,149.03,173.7895,304.82,22.341,4480.7,251.9433
2021-09-16,148.79,174.412,305.22,22.242,4473.8,252.33
2021-09-17,146.06,173.126,299.87,21.9,4433.0,253.1633
2021-09-20,142.94,167.7865,294.3,21.113,4357.7,243.39
2021-09-21,143.43,167.1815,294.8,21.246,4354.2,246.46
2021-09-22,145.85,169.0025,298.58,21.941,4395.6,250.6466
2021-09-23,146.83,170.8,299.56,22.482,4449.0,251.2133
2021-09-24,146.92,171.276,299.35,22.081,4455.5,258.13
2021-09-27,145.37,170.29,294.17,21.66,4443.1,263.7866
2021-09-28,141.91,165.798,283.52,20.699,4352.6,259.1866
2021-09-29,142.83,165.056,284.0,20.517,4359.5,260.4366
2021-09-30,141.5,164.252,281.92,20.716,4307.5,258.4933
2021-10-01,142.65,164.163,289.1,20.742,4357.0,258.4066
2021-10-04,139.14,159.489,283.11,19.732,4300.5,260.51
2021-10-05,141.11,161.05,288.76,20.451,4345.7,260.1966
2021-10-06,142.0,163.1005,293.11,20.7,4363.6,260.9166
2021-10-07,143.29,165.1215,294.85,21.075,4399.8,264.5366
2021-10-08,142.9,164.431,294.85,20.831,4391.3,261.83
2021-10-11,142.81,162.315,294.23,20.695,4361.2,263.98
2021-10-12,141.51,162.3665,292.88,20.671,4350.6,268.5733
2021-10-13,140.91,164.214,296.31,20.939,4363.8,270.36
2021-10-14,143.76,164.993,302.75,21.746,4438.3,272.7733
2021-10-15,144.84,170.451,304.21,21.862,4471.4,281.01
2021-10-18,146.55,172.337,307.29,22.222,4486.5,290.0366
2021-10-19,148.76,172.2075,308.23,22.29,4519.6,288.09
2021-10-20,149.26,170.753,307.41,22.103,4536.2,288.6
2021-10-21,149.48,171.7505,310.76,22.692,4549.8,298.0
2021-10-22,148.69,166.7775,309.16,22.726,4544.9,303.2266
2021-10-25,148.64,166.0185,308.13,23.166,4566.5,341.62
2021-10-26,149.32,168.8035,310.11,24.717,4574.8,339.4766
2021-10-27,148.85,169.6245,323.17,24.451,4551.7,345.9533
2021-10-28,152.57,172.3285,324.35,24.941,4596.4,359.0133
2021-10-29,149.8,168.6215,331.62,25.567,4605.4,371.3333
2021-11-01,148.96,165.9055,329.37,25.827,4613.7,402.8633
2021-11-02,150.02,165.6375,333.13,26.401,4630.6,390.6666
2021-11-03,151.49,169.2,334.0,26.598,4660.6,404.62
2021-11-04,150.96,173.85,336.44,29.801,4680.1,409.97
2021-11-05,151.28,175.9495,336.06,29.752,4697.5,407.3633
2021-11-08,150.44,174.449,336.99,30.804,4701.7,387.6466
2021-11-09,150.81,178.8115,335.95,30.657,4685.2,341.1666
2021-11-10,147.92,174.1025,330.8,29.459,4646.7,355.9833
2021-11-11,147.87,173.625,332.43,30.39,4649.3,354.5033
2021-11-12,149.99,176.2575,336.72,30.39,4682.9,344.4733
2021-11-15,150.0,177.284,336.07,30.025,4682.8,337.7966
2021-11-16,151.0,177.035,339.51,30.203,4700.9,351.5766
2021-11-17,153.49,177.45,339.12,29.261,4688.7,363.0033
2021-11-18,157.87,184.803,341.27,31.675,4704.5,365.46
2021-11-19,160.55,183.8285,343.11,32.985,4698.0,379.02
2021-11-22,161.02,178.6285,339.83,31.956,4682.9,385.6233
2021-11-23,161.41,179.002,337.68,31.746,4690.7,369.6766
2021-11-24,161.94,179.0205,337.91,32.674,4701.5,372.0
2021-11-26,156.81,175.228,329.68,31.503,4594.6,360.64
2021-11-29,160.24,178.0785,336.63,33.376,4655.3,378.9966
2021-11-30,165.3,175.3535,330.59,32.676,4567.0,381.5866
2021-12-01,164.77,172.186,330.08,31.435,4513.0,365.0
2021-12-02,163.76,171.868,329.49,32.126,4577.1,361.5333
2021-12-03,161.84,169.4895,323.01,30.693,4538.4,338.3233
2021-12-06,165.32,171.3685,326.19,30.037,4591.7,336.3366
2021-12-07,171.18,176.1645,334.92,32.427,4686.8,350.5833
2021-12-08,175.08,176.158,334.97,31.826,4701.2,356.32
2021-12-09,174.56,174.171,333.1,30.49,4667.4,334.6
2021-12-10,179.45,172.212,342.54,30.198,4712.0,339.01
2021-12-13,175.74,169.5675,339.4,28.161,4669.0,322.1366
2021-12-14,174.33,169.0915,328.34,28.337,4634.1,319.5033
2021-12-15,179.3,173.315,334.65,30.459,4709.9,325.33
2021-12-16,172.26,168.871,324.9,28.387,4668.7,308.9733
2021-12-17,171.14,170.0175,323.8,27.801,4620.6,310.8566
2021-12-20,169.75,167.079,319.91,27.719,4568.0,299.98
2021-12-21,172.99,170.417,327.29,29.075,4649.2,312.8433
2021-12-22,175.64,171.037,333.2,29.4,4696.6,336.29
2021-12-23,176.28,171.0685,334.69,29.64,4725.8,355.6666
2021-12-27,180.33,169.6695,342.45,30.945,4791.2,364.6466
2021-12-28,179.29,170.661,341.25,30.322,4786.4,362.8233
2021-12-29,179.38,169.201,341.95,30.001,4793.1,362.0633
2021-12-30,178.2,168.6445,339.32,29.586,4778.7,356.78
2021-12-31,177.57,166.717,336.32,29.411,4766.2,352.26
2022-01-03,182.01,170.4045,334.75,30.121,4796.6,399.9266
2022-01-04,179.7,167.522,329.01,29.29,4793.5,383.1966
2022-01-05,174.92,164.357,316.38,27.604,4700.6,362.7066
2022-01-06,172.0,163.254,313.88,28.178,4696.1,354.9
2022-01-07,172.17,162.554,314.04,27.247,4677.0,342.32
2022-01-10,172.19,161.486,314.27,27.4,4670.3,352.7066
2022-01-11,175.08,165.362,314.98,27.817,4713.1,354.8
2022-01-12,175.53,165.207,318.27,27.999,4726.4,368.74
2022-01-13,172.19,161.214,304.8,26.575,4659.0,343.8533
2022-01-14,173.07,162.138,310.2,26.942,4662.9,349.87
2022-01-18,169.8,158.9175,302.65,25.903,4577.1,343.5033
2022-01-19,166.23,156.299,303.33,25.067,4532.8,331.8833
2022-01-20,164.51,151.6675,301.6,24.15,4482.7,332.09
2022-01-21,162.41,142.643,296.03,23.374,4397.9,314.6333
2022-01-24,161.62,144.544,296.37,23.372,4410.1,310.0
2022-01-25,159.78,139.986,288.49,22.324,4356.4,306.1333
2022-01-26,159.69,138.8725,296.71,22.772,4349.9,312.47
2022-01-27,159.22,139.6375,299.84,21.944,4326.5,276.3666
2022-01-28,170.33,143.978,308.26,22.84,4431.9,282.1166
2022-01-31,174.78,149.5735,310.98,24.486,4515.6,312.24
2022-02-01,174.61,151.1935,308.76,24.638,4546.5,310.4166
2022-02-02,175.84,150.6125,313.46,25.242,4589.4,301.8866
2022-02-03,172.9,138.8455,301.25,23.948,4477.4,297.0466
2022-02-04,172.39,157.6395,305.94,24.319,4500.5,307.7733
2022-02-07,171.66,157.9355,300.95,24.728,4483.9,302.4466
2022-02-08,174.83,161.4135,304.56,25.108,4521.5,307.3333
2022-02-09,176.28,161.1895,311.21,26.705,4587.2,310.6666
2022-02-10,172.12,159.0035,302.38,25.824,4504.1,301.5166
2022-02-11,168.64,153.2935,295.04,23.949,4418.64,286.6666
2022-02-14,168.88,155.167,295.0,24.267,4401.67,291.92
2022-02-15,172.79,156.5105,300.47,26.495,4471.07,307.4766
2022-02-16,172.55,158.1005,299.5,26.511,4475.01,307.7966
2022-02-17,168.88,154.6525,290.73,24.507,4380.26,292.1166
2022-02-18,167.3,152.6015,287.93,23.642,4348.87,285.66
2022-02-22,164.32,150.1975,287.72,23.39,4304.76,273.8433
2022-02-23,160.07,144.827,280.27,22.387,4225.5,254.68
2022-02-24,162.74,151.358,294.59,23.748,4288.7,266.9233
2022-02-25,164.85,153.7885,297.31,24.157,4384.65,269.9566
2022-02-28,165.12,153.563,298.79,24.385,4373.94,290.1433
2022-03-01,163.2,151.142,294.95,23.477,4306.26,288.1233
2022-03-02,166.56,152.0525,300.19,24.22,4386.54,293.2966
2022-03-03,166.23,147.8985,295.92,23.714,4363.49,279.7633
2022-03-04,163.17,145.641,289.86,22.936,4328.87,279.43
2022-03-07,159.3,137.453,278.91,21.352,4201.09,268.1933
2022-03-08,157.44,136.0145,275.85,21.514,4170.7,274.8
2022-03-09,162.95,139.279,288.5,23.014,4277.88,286.3233
2022-03-10,158.52,146.8175,285.59,22.658,4259.52,279.4333
2022-03-11,154.73,145.5245,280.07,22.1,4204.31,265.1166
2022-03-14,150.62,141.853,276.44,21.33,4173.11,255.4566
2022-03-15,155.09,147.3665,287.15,22.973,4262.45,267.2966
2022-03-16,159.59,153.104,294.39,24.496,4357.86,280.0766
2022-03-17,160.62,157.239,295.22,24.766,4411.67,290.5333
2022-03-18,163.98,161.2505,300.43,26.453,4463.12,301.7966
2022-03-21,165.38,161.4915,299.16,26.734,4461.18,307.0533
2022-03-22,168.82,164.889,304.06,26.524,4511.61,331.3266
2022-03-23,170.21,163.408,299.49,25.634,4456.24,333.0366
2022-03-24,174.07,163.6495,304.1,28.15,4520.16,337.9733
2022-03-25,174.72,164.7735,303.68,27.692,4543.06,336.88
2022-03-28,175.6,168.9905,310.7,28.219,4575.52,363.9466
2022-03-29,178.96,169.315,315.41,28.656,4631.6,366.5233
2022-03-30,177.77,166.301,313.86,27.69,4602.45,364.6633
2022-03-31,174.61,162.9975,308.31,27.286,4530.41,359.2
2022-04-01,174.31,163.56,309.42,26.712,4545.86,361.53
2022-04-04,178.44,168.3465,314.97,27.36,4582.64,381.8166
2022-04-05,175.06,164.055,310.88,25.931,4525.12,363.7533
2022-04-06,171.83,158.756,299.5,24.407,4481.15,348.5866
2022-04-07,172.14,157.7845,301.37,24.208,4500.21,352.42
2022-04-08,170.09,154.4605,296.97,23.119,4488.28,341.83
2022-04-11,165.75,151.122,285.26,21.917,4412.53,325.31
2022-04-12,167.66,150.7875,282.06,21.504,4397.45,328.9833
2022-04-13,170.4,155.541,287.62,22.203,4446.59,340.79
2022-04-14,165.29,151.7065,279.83,21.258,4392.59,328.3333
2022-04-18,165.07,152.785,280.52,21.783,4391.69,334.7633
2022-04-19,167.4,158.1155,285.3,22.198,4462.21,342.7166
2022-04-20,167.23,153.998,286.36,21.482,4459.45,325.7333
2022-04-21,166.42,148.296,280.81,20.183,4393.66,336.26
2022-04-22,161.79,144.35,274.03,19.515,4271.78,335.0166
2022-04-25,162.88,146.074,280.72,19.902,4296.12,332.6733
2022-04-26,156.8,139.391,270.22,18.788,4175.2,292.14
2022-04-27,156.57,138.167,283.22,18.415,4183.96,293.8366
2022-04-28,163.64,144.5965,289.63,19.782,4287.5,292.5033
2022-04-29,157.65,124.2815,277.52,18.547,4131.93,290.2533
2022-05-02,157.96,124.5,284.47,19.533,4155.38,300.98
2022-05-03,159.48,124.2535,281.78,19.602,4175.48,303.0833
2022-05-04,166.02,125.9285,289.98,20.334,4300.17,317.54
2022-05-05,156.77,116.407,277.35,18.844,4146.87,291.0933
2022-05-06,157.28,114.7725,274.73,18.675,4123.34,288.55
2022-05-09,152.06,108.789,264.58,16.95,3991.24,262.37
2022-05-10,154.51,108.859,269.5,17.595,4001.05,266.68
2022-05-11,146.5,105.372,260.55,16.63,3935.18,244.6666
2022-05-12,142.56,106.9305,255.35,16.175,3930.08,242.6666
2022-05-13,147.11,113.055,261.12,17.706,4023.89,256.53
2022-05-16,145.54,110.8105,261.5,17.264,4008.01,241.4566
2022-05-17,149.24,115.3685,266.82,18.177,4088.85,253.87
2022-05-18,140.82,107.1125,254.08,16.938,3923.68,236.6033
2022-05-19,137.35,107.319,253.14,17.124,3900.79,236.4733
2022-05-20,137.59,107.591,252.56,16.694,3901.36,221.3
2022-05-23,143.11,107.557,260.65,16.898,3973.75,224.9666
2022-05-24,140.36,104.1,259.62,16.154,3941.48,209.3866
2022-05-25,140.52,106.775,262.52,16.975,3978.73,219.6
2022-05-26,143.78,111.0775,265.9,17.851,4057.84,235.91
2022-05-27,149.64,115.1465,273.24,18.811,4158.24,253.21
2022-05-31,148.84,120.2095,271.87,18.672,4132.15,252.7533
2022-06-01,148.71,121.684,272.42,18.32,4101.23,246.79
2022-06-02,151.21,125.511,274.58,19.592,4176.82,258.3333
2022-06-03,145.38,122.35,270.02,18.72,4108.54,234.5166
2022-06-06,146.14,124.79,268.75,18.786,4121.43,238.28
2022-06-07,148.71,123.0,272.5,18.926,4160.68,238.8866
2022-06-08,147.96,121.18,270.41,18.648,4115.77,241.8666
2022-06-09,142.64,116.15,264.79,18.048,4017.82,239.7066
2022-06-10,137.13,109.65,252.99,16.974,3900.86,232.23
2022-06-13,131.88,103.67,242.26,15.647,3749.63,215.7366
2022-06-14,132.76,102.31,244.49,15.836,3735.48,220.89
2022-06-15,135.43,107.67,251.76,16.527,3789.99,233.0
2022-06-16,130.06,103.66,244.97,15.601,3666.77,213.1
2022-06-17,131.56,106.22,247.65,15.88,3674.84,216.76
2022-06-21,135.87,108.68,253.74,16.566,3764.79,237.0366
2022-06-22,135.35,108.95,253.13,16.36,3759.89,236.0866
2022-06-23,138.27,112.44,258.86,16.225,3795.73,235.07
2022-06-24,141.66,116.46,267.7,17.126,3911.74,245.7066
2022-06-27,141.66,113.22,264.89,16.869,3900.11,244.92
2022-06-28,137.44,107.4,256.48,15.982,3821.55,232.6633
2022-06-29,139.23,108.92,260.26,15.542,3818.83,228.49
2022-06-30,136.72,106.21,256.83,15.159,3785.38,224.4733
2022-07-01,138.93,109.56,259.58,14.523,3825.33,227.2633
2022-07-05,141.56,113.5,262.85,14.964,3831.39,233.0666
2022-07-06,142.92,114.33,266.21,15.13,3845.08,231.7333
2022-07-07,146.35,116.33,268.4,15.858,3902.62,244.5433
2022-07-08,147.04,115.54,267.66,15.838,3899.38,250.7633
2022-07-11,144.87,111.75,264.51,15.152,3854.43,234.3433
2022-07-12,145.86,109.22,253.67,15.082,3818.8,233.07
2022-07-13,145.49,110.4,252.72,15.164,3801.78,237.04
2022-07-14,148.47,110.63,254.08,15.372,3790.38,238.3133
2022-07-15,150.17,113.55,256.72,15.762,3863.16,240.0666
2022-07-18,147.07,113.76,254.25,16.101,3830.85,240.5466
2022-07-19,151.0,118.21,259.53,16.992,3936.69,245.53
2022-07-20,153.04,122.77,262.27,17.807,3959.9,247.5
2022-07-21,155.35,124.63,264.84,18.05,3998.95,271.7066
2022-07-22,154.09,122.42,260.36,17.319,3961.63,272.2433
2022-07-25,152.95,121.14,258.83,17.024,3966.84,268.4333
2022-07-26,151.6,114.81,251.9,16.533,3921.05,258.86
2022-07-27,156.79,120.97,268.74,17.79,4023.61,274.82
2022-07-28,157.35,122.28,276.41,17.984,4072.43,280.9
2022-07-29,162.51,134.95,280.74,18.163,4130.29,297.15
2022-08-01,161.51,135.39,278.01,18.441,4118.63,297.2766
2022-08-02,160.01,134.16,274.82,18.526,4091.19,300.5866
2022-08-03,166.13,139.52,282.47,18.893,4155.17,307.3966
2022-08-04,165.81,142.57,283.65,19.215,4151.94,308.6333
2022-08-05,165.35,140.8,282.91,18.989,4145.19,288.17
2022-08-08,164.87,139.41,280.32,17.793,4140.06,290.4233
2022-08-09,164.92,137.83,282.3,17.086,4122.47,283.3333
2022-08-10,169.24,142.69,289.16,18.097,4210.24,294.3566
2022-08-11,168.49,140.64,287.02,17.942,4207.27,286.63
2022-08-12,172.1,143.55,291.91,18.709,4280.15,300.03
2022-08-15,173.19,143.18,293.47,19.032,4297.14,309.32
2022-08-16,173.03,144.78,292.71,18.879,4305.2,306.5633
2022-08-17,174.55,142.1,291.32,18.335,4274.04,303.9966
2022-08-18,174.15,142.3,290.17,18.773,4283.74,302.87
2022-08-19,171.52,138.23,286.15,17.849,4228.48,296.6666
2022-08-22,167.57,133.22,277.75,17.034,4137.99,289.9133
2022-08-23,167.23,133.62,276.44,17.181,4128.73,296.4533
2022-08-24,167.53,133.8,275.79,17.222,4140.77,297.0966
2022-08-25,170.03,137.28,278.85,17.913,4199.12,296.07
2022-08-26,163.62,130.75,268.09,16.26,4057.66,288.09
2022-08-29,161.38,129.79,265.23,15.801,4030.61,284.82
2022-08-30,158.91,128.73,262.97,15.468,3986.16,277.7
2022-08-31,157.22,126.77,261.47,15.094,3955.0,275.61
2022-09-01,157.96,127.82,260.4,13.937,3966.85,277.16
2022-09-02,155.81,127.51,256.06,13.647,3924.26,270.21
2022-09-06,154.53,126.11,253.25,13.465,3908.19,274.42
2022-09-07,155.96,129.48,258.09,13.714,3979.87,283.7
2022-09-08,154.46,129.82,258.52,13.99,4006.18,289.26
2022-09-09,157.37,133.27,264.46,14.387,4067.36,299.68
2022-09-12,163.43,136.45,266.65,14.505,4110.41,304.42
2022-09-13,153.84,126.82,251.99,13.131,3932.69,292.13
2022-09-14,155.31,128.55,252.22,13.128,3946.01,302.61
2022-09-15,152.37,126.28,245.38,12.929,3901.35,303.75
2022-09-16,150.7,123.53,244.74,13.198,3873.33,303.35
2022-09-19,154.48,124.66,244.52,13.382,3899.89,309.07
2022-09-20,156.9,122.19,242.45,13.176,3855.93,308.73
2022-09-21,153.72,118.54,238.95,13.261,3789.93,300.8
2022-09-22,152.74,117.31,240.98,12.561,3757.99,288.59
2022-09-23,150.43,113.78,237.92,12.516,3693.23,275.33
2022-09-26,150.77,115.15,237.45,12.228,3655.04,276.01
2022-09-27,151.76,114.41,236.41,12.413,3647.29,282.94
2022-09-28,149.84,118.01,241.07,12.736,3719.04,287.81
2022-09-29,142.48,114.8,237.5,12.22,3640.47,268.21
2022-09-30,138.2,113.0,232.9,12.139,3585.62,265.25
2022-10-03,142.45,115.88,240.74,12.512,3678.43,242.4
2022-10-04,146.1,121.09,248.88,13.167,3790.93,249.44
2022-10-05,146.4,120.95,249.2,13.209,3783.28,240.81
2022-10-06,145.43,120.3,246.79,13.13,3744.52,238.13
2022-10-07,140.09,114.56,234.24,12.076,3639.66,223.07
2022-10-10,140.42,113.67,229.25,11.67,3612.39,222.96
2022-10-11,138.98,112.21,225.41,11.586,3588.84,216.5
2022-10-12,138.34,112.9,225.75,11.5,3577.03,217.24
2022-10-13,142.99,112.53,234.24,11.96,3669.91,221.72
2022-10-14,138.38,106.9,228.56,11.227,3583.07,204.99
2022-10-17,142.41,113.79,237.53,11.888,3677.95,219.35
2022-10-18,143.75,116.36,238.5,11.967,3719.98,220.19
2022-10-19,143.86,115.07,236.48,12.051,3695.16,222.04
2022-10-20,143.39,115.25,236.15,12.194,3665.78,207.28
2022-10-21,147.27,119.32,242.12,12.466,3752.75,214.44
2022-10-24,149.45,119.82,247.25,12.599,3797.34,211.25
2022-10-25,152.34,120.6,250.66,13.261,3859.11,222.415
2022-10-26,149.35,115.66,231.32,12.896,3830.6,224.64
2022-10-27,144.8,110.96,226.75,13.176,3807.3,225.09
2022-10-28,155.74,103.41,235.87,13.834,3901.06,228.52
2022-10-31,153.34,102.44,232.13,13.497,3871.98,227.54
2022-11-01,150.65,96.79,228.17,13.543,3856.1,227.82
2022-11-02,145.03,92.12,220.1,13.219,3759.69,214.98
2022-11-03,138.88,89.3,214.25,13.421,3719.89,215.31
2022-11-04,138.38,90.98,221.39,14.156,3770.55,207.47
2022-11-07,138.92,90.53,227.87,14.301,3806.8,197.08
2022-11-08,139.5,89.98,228.87,14.602,3828.11,191.3
2022-11-09,134.87,86.14,224.51,13.776,3748.57,177.59
2022-11-10,146.87,96.63,242.98,15.75,3956.37,190.72
2022-11-11,149.7,100.79,247.11,16.327,3992.93,195.97
2022-11-14,148.28,98.49,241.55,16.295,3957.25,190.95
2022-11-15,150.04,98.94,241.97,16.666,3991.73,194.42
2022-11-16,148.79,97.12,241.73,15.91,3958.79,186.92
2022-11-17,150.72,94.85,241.68,15.677,3946.56,183.17
2022-11-18,151.29,94.14,241.22,15.409,3965.34,180.19
2022-11-21,148.01,92.46,242.05,15.317,3949.94,167.87
2022-11-22,150.18,93.2,245.03,16.038,4003.58,169.91
2022-11-23,151.07,94.13,247.58,16.519,4027.26,183.2
2022-11-25,148.11,93.41,247.49,16.27,4026.12,182.86
2022-11-28,144.22,93.95,241.76,15.827,3963.94,182.92
2022-11-29,141.17,92.42,240.33,15.639,3957.63,180.83
2022-11-30,148.03,96.54,255.14,16.923,4080.11,194.7
2022-12-01,148.31,95.5,254.69,17.135,4076.57,194.7
2022-12-02,147.81,94.13,255.02,16.876,4071.7,194.86
2022-12-05,146.63,91.01,250.2,16.61,3998.84,182.45
2022-12-06,142.91,88.25,245.12,15.987,3941.26,179.82
2022-12-07,140.94,88.46,244.37,16.12,3933.92,174.04
2022-12-08,142.65,90.35,247.4,17.169,3963.51,173.44
2022-12-09,142.16,89.09,245.42,17.001,3934.38,179.05
2022-12-12,144.49,90.55,252.51,17.535,3990.56,167.82
2022-12-13,145.47,92.49,256.92,18.072,4019.65,160.95
2022-12-14,143.21,91.58,257.22,17.674,3995.32,156.8
2022-12-15,136.5,88.45,249.01,16.952,3895.75,157.67
2022-12-16,134.51,87.86,244.69,16.571,3852.36,150.23
2022-12-19,132.37,84.92,240.45,16.254,3817.66,149.87
2022-12-20,132.3,85.19,241.8,16.085,3821.62,137.8
2022-12-21,135.45,86.77,244.43,16.501,3878.44,137.57
2022-12-22,132.23,83.79,238.19,15.339,3822.39,125.35
2022-12-23,131.86,85.25,238.73,15.206,3844.82,123.15
2022-12-27,130.03,83.04,236.96,14.121,3829.25,109.1
2022-12-28,126.04,81.82,234.53,14.036,3783.22,112.71
2022-12-29,129.61,84.18,241.01,14.603,3849.28,121.82
2022-12-30,129.93,84.0,239.82,14.614,3839.5,123.18
2023-01-03,125.07,85.82,239.58,14.315,3824.14,108.1
2023-01-04,126.36,85.14,229.1,14.749,3852.97,113.64
2023-01-05,125.02,83.12,222.31,14.265,3808.1,110.34
2023-01-06,129.62,86.08,224.93,14.859,3895.08,113.06
2023-01-09,130.15,87.36,227.12,15.628,3892.09,119.77
2023-01-10,130.73,89.87,228.85,15.909,3919.25,118.85
2023-01-11,133.49,95.09,235.77,16.001,3969.61,123.22
2023-01-12,133.41,95.27,238.51,16.511,3983.17,123.56
2023-01-13,134.76,98.12,239.23,16.899,3999.09,122.4
2023-01-17,135.94,96.05,240.35,17.702,3990.97,131.49
2023-01-18,135.21,95.46,235.81,17.377,3928.86,128.78
2023-01-19,135.27,93.68,231.93,16.765,3898.85,127.17
2023-01-20,137.87,97.25,240.22,17.839,3972.61,133.42
2023-01-23,141.11,97.52,242.58,19.193,4019.81,143.75
2023-01-24,142.53,96.32,242.04,19.265,4016.95,143.89
2023-01-25,141.86,97.18,240.61,19.323,4016.22,144.43
2023-01-26,143.96,99.22,248.0,19.802,4060.43,160.27
2023-01-27,145.93,102.24,248.16,20.365,4070.56,177.9
2023-01-30,143.0,100.55,242.71,19.162,4017.77,166.66
2023-01-31,144.29,103.13,247.81,19.537,4076.6,173.22
2023-02-01,145.43,105.15,252.75,20.943,4119.21,181.41
2023-02-02,150.82,112.91,264.6,21.709,4179.76,188.27
2023-02-03,154.5,103.39,258.35,21.1,4136.48,189.98
2023-02-06,151.73,102.18,256.77,21.089,4111.08,194.76
2023-02-07,154.65,102.11,267.56,22.173,4164.0,196.81
2023-02-08,151.92,100.05,266.73,22.205,4117.86,201.29
2023-02-09,150.87,98.24,263.62,22.337,4081.5,207.32
2023-02-10,151.01,97.61,263.1,21.265,4090.46,196.89
2023-02-13,153.85,99.54,271.32,21.788,4137.29,194.64
2023-02-14,153.2,99.7,272.17,22.971,4136.13,209.25
2023-02-15,155.33,101.16,269.32,22.764,4147.6,214.24
2023-02-16,153.71,98.15,262.15,22.002,4090.41,202.04
2023-02-17,152.55,97.2,258.06,21.388,4079.09,208.31
2023-02-21,148.48,94.58,252.67,20.655,3997.34,197.37
2023-02-22,148.91,95.79,251.51,20.754,3991.05,200.86
2023-02-23,149.4,95.82,254.77,23.664,4012.32,202.07
2023-02-24,146.71,93.5,249.22,23.286,3970.04,196.88
2023-02-27,147.92,93.76,250.16,23.501,3982.24,207.63
2023-02-28,147.41,94.23,249.42,23.216,3970.15,205.71
2023-03-01,145.31,92.17,246.27,22.698,3951.39,202.77
2023-03-02,145.91,92.13,251.11,23.314,3981.35,190.9
2023-03-03,151.03,94.9,255.29,23.89,4045.64,197.79
2023-03-06,153.83,93.75,256.87,23.554,4048.42,193.81
2023-03-07,151.6,93.55,254.15,23.288,3986.37,187.71
2023-03-08,152.87,93.92,253.7,24.181,3992.01,182.0
2023-03-09,150.59,92.25,252.32,23.436,3918.32,172.92
2023-03-10,148.5,90.73,248.59,22.965,3861.59,173.44
2023-03-13,150.47,92.43,253.92,22.966,3855.76,174.48
2023-03-14,152.59,94.88,260.79,24.063,3919.29,183.26
2023-03-15,152.99,96.2,265.44,24.228,3891.93,180.45
2023-03-16,155.85,100.04,276.2,25.541,3960.28,184.13
2023-03-17,155.0,98.95,279.43,25.725,3916.64,180.13
2023-03-20,157.4,97.71,272.23,25.9,3951.57,183.25
2023-03-21,159.28,100.61,273.78,26.199,4002.87,197.58
2023-03-22,157.83,98.7,272.29,26.468,3936.97,191.15
2023-03-23,158.93,98.71,277.66,27.191,3948.72,192.22
2023-03-24,160.25,98.13,280.57,26.779,3970.99,190.41
2023-03-27,158.28,98.04,276.38,26.531,3977.53,191.81
2023-03-28,157.65,97.24,275.23,26.41,3971.27,189.19
2023-03-29,160.77,100.25,280.51,26.984,4027.81,193.88
2023-03-30,162.36,102.0,284.05,27.383,4050.83,195.28
2023-03-31,164.9,103.29,288.3,27.777,4109.31,207.46
2023-04-03,166.17,102.41,287.23,27.965,4124.51,194.77
2023-04-04,165.63,103.95,287.18,27.453,4100.6,192.58
2023-04-05,163.76,101.1,284.34,26.881,4090.38,185.52
2023-04-06,164.66,102.06,291.6,27.037,4105.02,185.06
2023-04-10,162.03,102.17,289.39,27.579,4109.11,184.51
2023-04-11,160.8,99.92,282.83,27.169,4108.94,186.79
2023-04-12,160.1,97.83,283.49,26.495,4091.95,180.54
2023-04-13,165.56,102.4,289.84,26.463,4146.22,185.9
2023-04-14,165.21,102.51,286.14,26.758,4137.64,185.0
2023-04-17,165.23,102.74,288.8,27.002,4151.32,187.04
2023-04-18,166.47,102.3,288.37,27.667,4154.87,184.31
2023-04-19,167.63,104.3,288.45,27.931,4154.52,180.59
2023-04-20,166.65,103.81,286.11,27.104,4129.79,162.99
2023-04-21,165.02,106.96,285.76,27.119,4133.52,165.08
2023-04-24,165.33,106.21,281.77,27.042,4137.04,162.55
2023-04-25,163.77,102.57,275.42,26.241,4071.63,160.67
2023-04-26,163.76,104.98,295.37,26.956,4055.99,153.75
2023-04-27,168.41,109.82,304.83,27.226,4135.35,160.19
2023-04-28,169.68,105.45,307.26,27.749,4169.48,164.31
2023-05-01,169.59,102.05,305.56,28.91,4167.87,161.83
2023-05-02,168.54,103.63,305.41,28.21,4119.58,160.31
2023-05-03,167.45,103.65,304.4,27.802,4090.75,160.61
2023-05-04,165.79,104.0,305.41,27.562,4061.22,161.2
2023-05-05,173.57,105.655,310.65,28.68,4136.25,170.06
2023-05-08,173.5,105.83,308.65,29.151,4138.12,171.79
2023-05-09,171.77,106.62,307.0,28.571,4119.17,169.15
2023-05-10,173.555,110.19,312.31,28.885,4137.64,168.54
2023-05-11,173.75,112.18,310.11,28.578,4130.62,172.08
2023-05-12,172.57,110.26,308.97,28.34,4124.08,167.98
2023-05-15,172.07,111.2,309.46,28.953,4136.28,166.35
2023-05-16,172.07,113.4,311.74,29.213,4109.9,166.52
2023-05-17,172.69,115.5,314.0,30.178,4158.77,173.86
2023-05-18,175.05,118.15,318.52,31.678,4198.05,176.89
2023-05-19,175.16,116.25,318.34,31.264,4191.98,180.14
2023-05-22,174.2,115.01,321.18,31.176,4192.63,188.87
2023-05-23,171.56,114.99,315.26,30.688,4145.58,185.77
2023-05-24,171.84,116.75,313.85,30.538,4115.24,182.9
2023-05-25,172.99,115.0,325.92,37.98,4151.28,184.47
2023-05-26,175.43,120.11,332.89,38.946,4205.45,193.17
2023-05-30,177.3,121.66,331.21,40.111,4205.52,201.16
2023-05-31,177.25,120.58,328.39,37.834,4179.83,203.93
2023-06-01,180.09,122.77,332.58,39.77,4221.02,207.52
2023-06-02,180.95,124.25,335.4,39.327,4282.37,213.97
2023-06-05,179.58,125.3,335.94,39.171,4273.79,217.61
2023-06-06,179.21,126.61,333.68,38.654,4283.85,221.31
2023-06-07,177.82,121.23,323.38,37.475,4267.52,224.57
2023-06-08,180.57,124.25,325.26,38.51,4293.93,234.86
2023-06-09,180.96,123.43,326.79,38.77,4298.86,244.4
2023-06-12,183.79,126.57,331.85,39.482,4338.93,249.83
2023-06-13,183.31,126.66,334.29,41.022,4369.01,258.71
2023-06-14,183.95,126.42,337.34,42.997,4372.59,256.79
2023-06-15,186.01,127.11,348.1,42.653,4425.84,255.9
2023-06-16,184.92,125.49,342.33,42.692,4409.59,260.54
2023-06-20,185.01,125.78,338.05,43.808,4388.71,274.45
2023-06-21,183.96,124.83,333.56,43.045,4365.69,259.46
2023-06-22,187.0,130.15,339.71,43.025,4381.89,264.61
2023-06-23,186.68,129.33,335.02,42.209,4348.33,256.6
2023-06-26,185.27,127.33,328.6,40.632,4328.82,241.05
2023-06-27,188.06,129.18,334.57,41.876,4378.41,250.21
2023-06-28,189.25,129.04,335.85,41.117,4376.86,256.24
2023-06-29,189.59,127.9,335.05,40.822,4396.44,257.5
2023-06-30,193.97,130.36,340.54,42.302,4450.38,261.77
2023-07-03,192.46,130.22,337.99,42.413,4455.59,279.82
2023-07-05,191.33,130.38,338.15,42.317,4446.82,282.48
2023-07-06,191.81,128.36,341.27,42.103,4411.59,276.54
2023-07-07,190.68,129.78,337.22,42.503,4398.95,274.43
2023-07-10,188.61,127.13,331.83,42.18,4409.53,269.61
2023-07-11,188.08,128.78,332.47,42.405,4439.26,269.79
2023-07-12,189.77,130.8,337.2,43.902,4472.16,271.99
2023-07-13,190.54,134.3,342.66,45.977,4510.04,277.9
2023-07-14,190.69,134.68,345.24,45.469,4505.42,281.38
2023-07-17,193.99,133.56,345.73,46.461,4522.79,290.38
2023-07-18,193.73,132.83,359.49,47.494,4554.98,293.34
2023-07-19,195.1,135.36,355.08,47.077,4565.72,291.26
2023-07-20,193.13,129.96,346.87,45.52,4534.87,262.9
2023-07-21,191.94,130.0,343.77,44.309,4536.34,260.02
2023-07-24,192.75,128.8,345.11,44.612,4554.64,269.06
2023-07-25,193.62,129.13,350.98,45.679,4567.46,265.28
2023-07-26,194.5,128.15,337.77,45.452,4566.75,264.35
2023-07-27,193.22,128.25,330.72,45.9,4537.41,255.71
2023-07-28,195.83,132.21,338.37,46.75,4582.23,266.44
2023-07-31,196.45,133.68,335.92,46.729,4588.96,267.43
2023-08-01,195.605,131.69,336.34,46.507,4576.73,261.07
2023-08-02,192.58,128.21,327.5,44.269,4513.39,254.11
2023-08-03,191.17,128.91,326.66,44.515,4501.89,259.32
2023-08-04,181.99,139.57,327.78,44.68,4478.03,253.86
2023-08-07,178.85,142.22,330.11,45.4165,4518.44,251.45
2023-08-08,179.8,139.94,326.05,44.664,4499.38,249.7
2023-08-09,178.19,137.85,322.23,42.554,4467.71,242.19
2023-08-10,177.97,138.56,322.93,42.388,4468.83,245.34
2023-08-11,177.79,138.41,321.01,40.855,4464.05,242.65
2023-08-14,179.46,140.57,324.04,43.753,4489.72,239.76
2023-08-15,177.45,137.67,321.86,43.94,4437.86,232.96
2023-08-16,176.57,135.07,320.4,43.486,4404.33,225.6
2023-08-17,174.0,133.98,316.88,43.3435,4370.36,219.22
2023-08-18,174.49,133.22,316.48,43.299,4369.71,215.49
2023-08-21,175.84,134.68,321.88,46.967,4399.77,231.28
2023-08-22,177.23,134.25,322.46,45.668,4387.55,233.19
2023-08-23,181.12,135.52,327.0,47.116,4436.01,236.86
2023-08-24,176.38,131.84,319.97,47.163,4376.31,230.04
2023-08-25,178.61,133.26,322.98,46.018,4405.71,238.59
2023-08-28,180.19,133.14,323.7,46.835,4433.31,238.82
2023-08-29,184.12,134.91,328.41,48.784,4497.63,257.18
2023-08-30,187.65,135.07,328.79,49.264,4514.87,256.9
2023-08-31,187.87,138.01,327.76,49.355,4507.66,258.08
2023-09-01,189.46,138.12,328.66,48.509,4515.77,245.01
2023-09-05,189.7,137.27,333.55,48.548,4496.83,256.49
2023-09-06,182.91,135.36,332.88,47.061,4465.48,251.92
2023-09-07,177.56,137.85,329.91,46.241,4451.14,251.49
2023-09-08,178.18,138.23,334.27,45.572,4457.49,248.5
2023-09-11,179.36,143.1,337.94,45.178,4487.46,273.58
2023-09-12,176.3,141.23,331.77,44.87,4461.9,267.48
2023-09-13,174.21,144.85,336.06,45.485,4467.44,271.3
2023-09-14,175.74,144.72,338.7,45.581,4505.1,276.04
2023-09-15,175.01,140.39,330.22,43.9,4450.32,274.39
2023-09-18,177.97,139.98,329.06,43.966,4453.53,265.28
2023-09-19,179.07,137.63,328.65,43.52,4443.95,266.5
2023-09-20,175.49,135.29,320.77,42.239,4402.2,262.59
2023-09-21,173.93,129.33,319.53,41.017,4330.0,255.7
2023-09-22,174.79,129.12,317.01,41.61,4320.06,244.88
2023-09-25,176.08,131.27,317.54,42.222,4337.44,246.99
2023-09-26,171.96,125.98,312.14,41.911,4273.53,244.12
2023-09-27,170.43,125.98,312.79,42.468,4274.51,240.5
2023-09-28,170.69,125.98,313.64,43.089,4299.7,246.38
2023-09-29,171.21,127.12,315.75,43.499,4288.05,250.22
2023-10-02,173.75,129.46,321.8,44.782,4288.39,251.6
2023-10-03,172.4,124.72,313.39,43.517,4229.45,246.53
2023-10-04,173.66,127.0,318.955,44.041,4263.75,261.16
2023-10-05,174.91,125.96,319.36,44.688,4258.19,260.05
2023-10-06,177.49,127.96,327.26,45.762,4308.5,260.53
2023-10-09,178.99,128.26,329.82,45.273,4335.66,259.67
2023-10-10,178.39,129.48,328.39,45.798,4358.24,263.62
2023-10-11,179.8,131.83,332.42,46.806,4376.95,262.99
2023-10-12,180.71,132.33,331.16,46.945,4349.61,258.87
2023-10-13,178.85,129.79,327.73,45.461,4327.78,251.12
2023-10-16,178.72,132.55,332.64,46.095,4373.63,253.92
2023-10-17,177.15,131.47,332.06,43.938,4373.2,254.85
2023-10-18,175.84,128.13,330.11,42.196,4314.6,242.68
2023-10-19,175.46,128.4,331.32,42.101,4278.0,220.11
2023-10-20,172.88,125.17,326.67,41.387,4224.16,211.99
2023-10-23,173.0,126.56,329.32,42.975,4217.04,212.08
2023-10-24,173.44,128.56,330.53,43.663,4247.68,216.52
2023-10-25,171.1,121.39,340.67,41.779,4186.77,212.42
2023-10-26,166.89,119.57,327.89,40.326,4137.23,205.76
2023-10-27,168.22,127.74,329.81,40.5,4117.37,207.3
2023-10-30,170.29,132.71,337.31,41.161,4166.82,197.36
2023-10-31,170.77,133.09,338.11,40.78,4193.8,200.84
2023-11-01,173.97,137.0,346.07,42.325,4237.86,205.66
2023-11-02,177.57,138.07,348.32,43.506,4317.78,218.51
2023-11-03,176.65,138.6,352.8,45.005,4358.34,219.96
2023-11-06,179.23,139.74,356.53,45.751,4365.98,219.27
2023-11-07,181.82,142.71,360.53,45.955,4378.38,222.18
2023-11-08,182.89,142.08,363.2,46.574,4382.78,222.11
2023-11-09,182.41,140.6,360.69,46.95,4347.35,209.98
2023-11-10,186.4,143.56,369.67,48.335,4415.24,214.65
2023-11-13,184.8,142.59,366.68,48.62,4411.55,223.71
2023-11-14,187.44,145.8,370.27,49.656,4495.7,237.41
2023-11-15,188.01,143.2,369.67,48.888,4502.88,242.84
2023-11-16,189.71,142.83,376.17,49.48,4508.24,233.59
2023-11-17,189.69,145.18,369.85,49.298,4514.02,234.3
2023-11-20,191.45,146.13,377.44,50.409,4547.38,235.6
2023-11-21,190.64,143.9,373.07,49.944,4538.19,241.2
2023-11-22,191.31,146.71,377.85,48.716,4556.62,234.21
2023-11-24,189.97,146.74,377.43,47.776,4559.34,235.45
2023-11-27,189.79,147.73,378.61,48.242,4550.43,236.08
2023-11-28,190.4,147.03,382.7,47.821,4554.89,246.72
2023-11-29,189.37,146.32,378.85,48.14,4550.58,244.14
2023-11-30,189.95,146.09,378.91,46.77,4567.8,240.08
2023-12-01,191.24,147.03,374.51,46.765,4594.63,238.83
2023-12-04,189.43,144.84,369.14,45.51,4569.78,235.58
2023-12-05,193.42,146.88,372.52,46.566,4567.18,238.72
2023-12-06,192.32,144.52,368.8,45.503,4549.34,239.37
2023-12-07,194.27,146.88,370.95,46.596,4585.59,242.64
2023-12-08,195.71,147.42,374.23,47.506,4604.37,243.84
2023-12-11,193.18,145.89,371.3,46.627,4622.44,239.74
2023-12-12,194.71,147.48,374.38,47.657,4643.7,237.01
2023-12-13,197.96,148.84,374.37,48.088,4707.09,239.29
2023-12-14,198.11,147.42,365.93,48.35,4719.55,251.05
2023-12-15,197.57,149.97,370.73,48.89,4719.19,253.5
2023-12-18,195.89,154.07,372.65,50.077,4740.56,252.08
2023-12-19,196.94,153.79,373.26,49.604,4768.37,257.22
2023-12-20,194.83,152.12,370.62,48.111,4698.35,247.14
2023-12-21,194.68,153.84,373.54,48.99,4746.75,254.5
2023-12-22,193.6,153.42,374.58,48.83,4754.63,252.54
2023-12-26,193.05,153.41,374.66,49.279,4774.75,256.61
2023-12-27,193.15,153.34,374.07,49.417,4781.58,261.44
2023-12-28,193.58,153.38,375.28,49.522,4783.35,253.18
2023-12-29,192.53,151.94,376.04,49.522,4769.83,248.48
2024-01-02,185.64,149.93,370.87,48.168,4742.83,248.42
2024-01-03,184.25,148.47,370.6,47.569,4704.81,238.45
2024-01-04,181.91,144.57,367.94,47.998,4688.68,237.93
2024-01-05,181.18,145.24,367.75,49.097,4697.24,237.49
2024-01-08,185.56,149.1,374.69,52.253,4763.54,240.45
2024-01-09,185.14,151.37,375.79,53.14,4756.5,234.96
2024-01-10,186.19,153.73,382.77,54.35,4783.45,233.94
2024-01-11,185.59,155.18,384.63,54.822,4780.24,227.22
2024-01-12,185.92,154.62,388.47,54.71,4783.83,218.89
2024-01-16,183.63,153.16,390.27,56.382,4765.98,219.91
2024-01-17,182.68,151.71,389.47,56.053,4739.21,215.55
2024-01-18,188.63,153.5,393.87,57.107,4780.94,211.88
2024-01-19,191.56,155.34,398.67,59.491,4839.81,212.19
2024-01-22,193.89,154.78,396.51,59.654,4850.43,208.8
2024-01-23,195.18,156.02,398.9,59.873,4864.6,209.14
2024-01-24,194.5,156.87,402.56,61.362,4868.55,207.83
2024-01-25,194.17,157.75,404.87,61.617,4894.16,182.63
2024-01-26,192.42,159.12,403.93,61.031,4890.97,183.25
2024-01-29,191.73,161.26,409.72,62.465,4927.93,190.93
2024-01-30,188.04,159.0,408.59,62.774,4924.97,191.59
2024-01-31,184.4,155.2,397.58,61.527,4845.65,187.29
2024-02-01,186.86,159.28,403.78,63.027,4906.19,188.86
2024-02-02,185.85,171.81,411.22,66.16,4958.61,187.91
2024-02-05,187.68,170.31,405.65,69.332,4942.81,181.06
2024-02-06,189.3,169.15,405.49,68.223,4954.23,185.1
2024-02-07,189.41,170.53,414.05,70.099,4995.06,187.58
2024-02-08,188.32,169.84,414.11,69.641,4997.91,189.56
2024-02-09,188.85,174.45,420.55,72.133,5026.61,193.57
2024-02-12,187.15,172.34,415.26,72.248,5021.84,188.13
2024-02-13,185.04,168.64,406.32,72.128,4953.17,184.02
2024-02-14,184.15,170.98,409.49,73.9,5000.62,188.71
2024-02-15,183.86,169.8,406.56,72.658,5029.73,200.45
2024-02-16,182.31,169.51,404.06,72.613,5005.57,199.95
2024-02-20,181.56,167.08,402.79,69.452,4975.51,193.76
2024-02-21,182.32,168.59,402.18,67.472,4981.8,194.77
2024-02-22,184.37,174.58,411.65,78.538,5087.03,197.41
2024-02-23,182.52,174.99,410.34,78.817,5088.8,191.97
2024-02-26,181.16,174.73,407.54,79.092,5069.53,199.4
2024-02-27,182.63,173.54,407.48,78.701,5078.18,199.73
2024-02-28,181.42,173.16,407.72,77.663,5069.76,202.04
2024-02-29,180.75,176.76,413.64,79.112,5096.27,201.88
2024-03-01,179.66,178.22,415.5,82.279,5137.08,202.64
2024-03-04,175.1,177.58,414.92,85.237,5130.95,188.14
2024-03-05,170.12,174.12,402.65,85.964,5078.65,180.74
2024-03-06,169.12,173.51,402.09,88.7,5104.76,176.54
2024-03-07,169.0,176.82,409.14,92.669,5157.36,178.65
2024-03-08,170.73,175.35,406.22,87.528,5123.69,175.34
2024-03-11,172.75,171.96,404.52,85.774,5117.94,177.77
2024-03-12,173.23,175.39,415.28,91.913,5175.27,177.54
2024-03-13,171.13,176.555,415.1,90.888,5165.31,169.48
2024-03-14,173.0,178.75,425.22,87.944,5150.48,162.5
2024-03-15,172.62,174.42,416.42,87.8365,5117.09,163.57
2024-03-18,173.72,174.48,417.32,88.455,5149.42,173.8
2024-03-19,176.08,175.9,421.41,89.398,5178.51,171.32
2024-03-20,178.67,178.15,425.23,90.372,5224.62,175.66
2024-03-21,171.37,178.15,429.37,91.435,5241.53,172.82
2024-03-22,172.28,178.87,428.74,94.289,5234.18,170.83
2024-03-25,170.85,179.71,422.86,95.002,5218.19,172.63
2024-03-26,169.71,178.3,421.65,92.561,5203.58,177.67
2024-03-27,173.31,179.83,421.43,90.25,5248.49,179.83
2024-03-28,171.48,180.38,420.72,90.356,5254.35,175.79
2024-04-01,170.03,180.97,424.57,90.363,5243.77,175.22
2024-04-02,168.84,180.69,421.44,89.452,5205.81,166.63
2024-04-03,169.65,182.41,420.45,88.964,5211.49,168.38
2024-04-04,168.82,180.0,417.88,85.905,5147.21,171.11
2024-04-05,169.58,185.07,425.52,88.008,5204.34,164.9
2024-04-08,168.45,185.19,424.59,87.133,5202.39,172.98
2024-04-09,169.67,185.67,426.28,85.354,5209.91,176.88
2024-04-10,167.78,185.95,423.26,87.039,5160.64,171.76
2024-04-11,175.04,189.05,427.93,90.616,5199.06,174.6
2024-04-12,176.55,186.13,421.9,88.186,5123.41,171.05
2024-04-15,172.69,183.62,413.64,86.001,5061.82,161.48
2024-04-16,169.38,183.32,414.58,87.415,5051.41,157.11
2024-04-17,168.0,181.28,411.84,84.035,5022.21,155.45
2024-04-18,167.04,179.22,404.27,84.671,5011.12,149.93
2024-04-19,165.0,174.63,399.12,76.2,4967.23,147.05
2024-04-22,165.84,177.23,400.96,79.518,5010.6,142.05
2024-04-23,166.9,179.54,407.57,82.423,5070.55,144.68
2024-04-24,169.02,176.59,409.06,79.677,5071.63,162.13
2024-04-25,169.89,173.67,399.04,82.632,5048.42,170.18
2024-04-26,169.3,179.62,406.32,87.735,5099.96,168.29
2024-04-29,173.5,180.96,402.25,87.757,5116.17,194.05
2024-04-30,170.33,175.0,389.33,86.402,5035.69,183.28
2024-05-01,169.3,179.0,394.94,83.041,5018.39,179.99
2024-05-02,173.03,184.72,397.84,85.817,5064.2,180.01
2024-05-03,183.38,186.21,406.66,88.789,5127.79,181.19
2024-05-06,181.71,188.7,413.54,92.14,5180.74,184.76
2024-05-07,182.4,188.76,409.34,90.554,5187.7,177.81
2024-05-08,182.74,188.0,410.54,90.412,5187.67,174.72
2024-05-09,184.57,189.5,412.32,88.747,5214.08,171.97
2024-05-10,183.05,187.48,414.74,89.878,5222.68,168.47
2024-05-13,186.28,186.57,413.72,90.399,5221.42,171.89
2024-05-14,187.43,187.07,416.56,91.356,5246.68,177.55
2024-05-15,189.72,185.99,423.08,94.63,5308.15,173.99
2024-05-16,189.84,183.63,420.99,94.359,5297.1,174.84
2024-05-17,189.87,184.7,420.21,92.479,5303.27,177.46
2024-05-20,191.04,183.54,425.34,94.78,5308.13,174.95
2024-05-21,192.35,183.15,429.04,95.386,5321.41,186.6
2024-05-22,190.9,183.13,430.52,94.95,5307.01,180.11
2024-05-23,186.88,181.05,427.0,103.799,5267.84,173.74
2024-05-24,189.98,180.75,430.16,106.469,5304.72,179.24
2024-05-28,189.99,182.15,430.32,113.901,5306.04,176.75
2024-05-29,190.29,182.02,429.17,114.825,5266.95,176.19
2024-05-30,191.29,179.32,414.67,110.5,5235.48,178.79
2024-05-31,192.25,176.44,415.13,109.633,5277.51,178.08
2024-06-03,194.03,178.34,413.52,115.0,5283.4,176.29
2024-06-04,194.35,179.34,416.07,116.437,5291.34,174.77
2024-06-05,195.87,181.28,424.01,122.44,5354.03,175.0
2024-06-06,194.48,185.0,424.52,120.998,5352.96,177.94
2024-06-07,196.89,184.3,423.85,120.888,5346.99,177.48
2024-06-10,193.12,187.06,427.87,121.79,5360.79,173.79
2024-06-11,207.15,187.23,432.68,120.91,5375.32,170.66
2024-06-12,213.07,186.89,441.06,125.2,5421.03,177.29
2024-06-13,214.24,183.83,441.58,129.61,5433.74,182.47
2024-06-14,212.49,183.66,442.57,131.88,5431.6,178.01
2024-06-17,216.67,184.06,448.37,130.98,5473.23,187.44
2024-06-18,214.29,182.81,446.34,135.58,5487.03,184.86
2024-06-20,209.68,186.1,445.7,130.78,5473.17,181.57
2024-06-21,207.49,189.08,449.78,126.57,5464.62,183.01
2024-06-24,208.14,185.57,447.67,118.11,5447.87,182.58
2024-06-25,209.07,186.34,450.95,126.09,5469.3,187.35
2024-06-26,213.25,193.61,452.16,126.4,5477.9,196.37
2024-06-27,214.1,197.85,452.85,123.99,5482.87,197.42
2024-06-28,210.62,193.25,446.95,123.54,5460.48,197.88
2024-07-01,216.75,197.2,456.73,124.3,5475.09,209.86
2024-07-02,220.27,200.0,459.28,122.67,5509.01,231.26
2024-07-03,221.55,197.59,460.77,128.28,5537.02,246.39
2024-07-05,226.34,200.0,467.56,125.83,5567.19,251.52
2024-07-08,227.82,199.29,466.24,128.2,5572.85,252.94
2024-07-09,228.68,199.34,459.54,131.38,5576.98,262.33
2024-07-10,232.98,199.79,466.25,134.91,5633.91,263.26
2024-07-11,227.57,195.05,454.7,127.4,5584.54,241.03
2024-07-12,230.54,194.49,453.55,129.24,5615.35,248.23
2024-07-15,234.4,192.72,453.96,128.44,5631.22,252.64
2024-07-16,234.82,193.02,449.52,126.36,5667.2,256.56
2024-07-17,228.88,187.93,443.52,117.99,5588.27,248.5
2024-07-18,224.18,183.75,440.37,121.09,5544.59,249.23
2024-07-19,224.31,183.13,437.11,117.93,5505.0,239.2
2024-07-22,223.96,182.55,442.94,123.54,5564.41,251.51
2024-07-23,225.01,186.41,444.85,122.59,5555.74,246.38
2024-07-24,218.54,180.83,428.9,114.25,5427.13,215.99
2024-07-25,217.49,179.85,418.4,112.28,5399.22,220.25
2024-07-26,217.96,182.5,425.27,113.06,5459.1,219.8
2024-07-29,218.24,183.2,426.73,111.59,5463.54,232.1
2024-07-30,218.8,181.71,422.92,103.73,5436.44,222.62
2024-07-31,222.08,186.98,418.35,117.02,5522.3,232.07
2024-08-01,218.36,184.07,417.11,109.21,5446.68,216.86
2024-08-02,219.86,167.9,408.49,107.27,5346.56,207.67
2024-08-05,209.27,161.02,395.15,100.45,5186.33,198.88
2024-08-06,207.23,161.93,399.61,104.25,5240.03,200.64
2024-08-07,209.82,162.77,398.43,98.91,5199.5,191.76
2024-08-08,213.31,165.8,402.69,104.97,5319.31,198.84
2024-08-09,216.24,166.94,406.02,104.75,5344.16,200.0
2024-08-12,217.53,166.8,406.81,109.02,5344.39,197.49
2024-08-13,221.27,170.23,414.01,116.14,5434.43,207.83
2024-08-14,221.72,170.1,416.86,118.08,5455.21,201.38
2024-08-15,224.72,177.59,421.03,122.86,5543.22,214.14
2024-08-16,226.05,177.06,418.47,124.58,5554.25,216.12
2024-08-19,225.89,178.22,421.53,130.0,5608.25,222.72
2024-08-20,226.51,178.88,424.8,127.25,5597.12,221.1
2024-08-21,226.4,180.11,424.14,128.5,5620.85,223.27
2024-08-22,224.53,176.13,415.55,123.74,5570.64,210.66
2024-08-23,226.84,177.04,416.79,129.37,5634.61,220.32
2024-08-26,227.18,175.5,413.49,126.46,5616.84,213.21
2024-08-27,228.03,173.12,413.84,128.3,5625.8,209.21
2024-08-28,226.49,170.8,410.6,125.61,5592.18,205.75
2024-08-29,229.79,172.12,413.12,117.59,5591.96,206.28
2024-08-30,229.0,178.5,417.14,119.37,5648.4,214.11
2024-09-03,222.77,176.25,409.44,108.0,5528.93,210.6
2024-09-04,220.85,173.33,408.9,106.21,5520.07,219.41
2024-09-05,222.38,177.89,408.39,107.21,5503.41,230.17
2024-09-06,220.82,171.39,401.7,102.83,5408.42,210.73
2024-09-09,220.91,175.4,405.72,106.47,5471.05,216.27
2024-09-10,220.11,179.55,414.2,108.1,5495.52,226.17
2024-09-11,222.66,184.52,423.04,116.91,5554.13,228.13
2024-09-12,222.77,187.0,427.0,119.14,5595.76,229.81
2024-09-13,222.5,186.49,430.59,119.1,5626.02,230.29
2024-09-16,216.32,184.89,431.34,116.78,5633.09,226.78
2024-09-17,216.79,186.88,435.15,115.59,5634.58,227.87
2024-09-18,220.69,186.43,430.81,113.37,5618.26,227.2
2024-09-19,228.87,189.87,438.69,117.87,5713.64,243.92
2024-09-20,228.2,191.6,435.27,116.0,5702.55,238.25
2024-09-23,226.47,193.88,433.51,116.26,5718.57,250.0
2024-09-24,227.37,193.96,429.17,120.87,5732.93,254.27
2024-09-25,226.37,192.53,432.11,123.51,5722.26,257.02
2024-09-26,227.52,191.16,431.31,124.04,5745.37,254.22
2024-09-27,227.79,187.97,428.02,121.4,5738.17,260.46
2024-09-30,233.0,186.33,430.3,121.44,5762.48,261.63
2024-10-01,226.21,185.13,420.69,117.0,5708.75,258.02
2024-10-02,226.78,184.76,417.13,118.85,5709.54,249.02
2024-10-03,225.67,181.96,416.54,122.85,5699.94,240.66
2024-10-04,226.8,186.51,416.06,124.92,5751.07,250.08
2024-10-07,221.69,180.8,409.54,127.72,5695.94,240.83
2024-10-08,225.77,182.72,414.71,132.89,5751.13,244.5
2024-10-09,229.54,185.17,417.46,132.65,5792.04,241.05
2024-10-10,229.04,186.65,415.84,134.81,5780.05,238.77
2024-10-11,227.55,188.82,416.32,134.8,5815.03,217.8
2024-10-14,231.3,187.54,419.14,138.07,5859.85,219.16
2024-10-15,233.85,187.69,418.74,131.6,5815.26,219.57
2024-10-16,231.78,186.89,416.12,135.72,5842.47,221.33
2024-10-17,232.15,187.53,416.72,136.93,5841.47,220.89
2024-10-18,235.0,188.99,418.16,138.0,5864.67,220.7
2024-10-21,236.48,189.07,418.78,143.71,5853.98,218.85
2024-10-22,235.86,189.7,427.51,143.59,5851.2,217.97
2024-10-23,230.76,184.71,424.6,139.56,5797.42,213.65
2024-10-24,230.57,186.38,424.73,140.41,5809.86,260.48
2024-10-25,231.41,187.83,428.15,141.54,5808.12,269.19
2024-10-28,233.4,188.39,426.59,140.52,5823.52,262.51
2024-10-29,233.67,190.83,431.95,141.25,5832.92,259.52
2024-10-30,230.1,192.73,432.53,139.335,5813.67,257.55
2024-10-31,225.91,186.4,406.35,132.76,5705.45,249.85
2024-11-01,222.91,197.93,410.37,135.4,5728.8,248.98
2024-11-04,222.01,195.78,408.46,136.05,5712.69,242.84
2024-11-05,223.45,199.5,411.46,139.91,5782.76,251.44
2024-11-06,222.72,207.09,420.18,145.61,5929.04,288.53
2024-11-07,227.48,210.05,425.43,148.88,5973.1,296.91
2024-11-08,226.96,208.18,422.54,147.63,5995.54,321.22
2024-11-11,224.23,206.84,418.01,145.26,6001.35,350.0
2024-11-12,224.23,208.91,423.03,148.29,5983.99,328.49
2024-11-13,225.12,214.1,425.2,146.27,5985.38,330.24
2024-11-14,228.22,211.48,426.89,146.76,5949.17,311.18
2024-11-15,225.0,202.61,415.0,141.98,5870.62,320.72
2024-11-18,228.02,201.7,415.76,140.15,5893.62,338.74
2024-11-19,228.28,204.61,417.79,147.01,5916.98,346.0
2024-11-20,229.0,202.88,415.49,145.89,5917.11,342.03
2024-11-21,228.52,198.38,412.87,146.67,5948.71,339.64
2024-11-22,229.87,197.12,417.0,141.95,5969.34,352.56
2024-11-25,232.87,201.45,418.79,136.02,5987.37,338.59
2024-11-26,235.06,207.86,427.99,136.92,6021.63,338.23
2024-11-27,234.93,205.74,422.99,135.34,5998.74,332.89
2024-11-29,237.33,207.89,423.46,138.25,6032.38,345.16
2024-12-02,239.59,210.71,430.98,138.63,6047.15,357.09
2024-12-03,242.65,213.44,431.2,140.26,6049.88,351.42
2024-12-04,243.01,218.16,437.42,145.14,6086.49,357.93
2024-12-05,243.04,220.55,442.62,145.06,6075.11,369.49
2024-12-06,242.84,227.03,443.57,142.44,6090.27,389.22
2024-12-09,246.75,226.09,446.02,138.81,6052.85,389.79
2024-12-10,247.77,225.04,443.33,135.07,6034.91,400.99
2024-12-11,246.49,230.26,448.99,139.31,6084.19,424.77
2024-12-12,247.96,228.97,449.56,137.34,6051.25,418.1
2024-12-13,248.13,227.46,447.27,134.25,6051.09,436.23
2024-12-16,251.04,232.93,451.59,132.0,6074.08,463.02
2024-12-17,253.48,231.15,454.46,130.39,6050.61,479.86
2024-12-18,248.05,220.52,437.39,128.91,5872.16,440.13
2024-12-19,249.79,223.29,437.03,130.68,5867.08,436.17
2024-12-20,254.49,224.92,436.6,134.7,5930.85,421.06
2024-12-23,255.27,225.06,435.25,139.67,5974.07,430.6
2024-12-24,258.2,229.05,439.33,140.22,6040.04,462.28
2024-12-26,259.02,227.05,438.11,139.93,6037.59,454.13
2024-12-27,255.59,223.75,430.53,137.01,5970.84,431.66
2024-12-30,252.2,221.3,424.83,137.49,5906.94,417.41
2024-12-31,250.42,219.39,421.5,134.29,5881.63,403.84
2025-01-02,243.85,220.22,418.58,138.31,5868.55,379.28
2025-01-03,243.36,224.19,423.35,144.47,5942.47,410.44
2025-01-06,245.0,227.61,427.85,149.43,5975.38,411.05
2025-01-07,242.21,222.11,422.37,140.14,5909.03,394.36
2025-01-08,242.7,222.13,424.56,140.11,5918.25,394.94
2025-01-10,236.85,218.94,418.95,135.91,5827.04,394.74
2025-01-13,234.4,218.46,417.19,133.23,5836.22,403.31
2025-01-14,233.28,217.76,415.67,131.76,5842.91,396.36
2025-01-15,237.87,223.35,426.31,136.24,5949.91,428.22
2025-01-16,228.26,220.66,424.58,133.57,5937.34,413.82
2025-01-17,229.98,225.94,429.03,137.71,5996.66,426.5
2025-01-21,222.64,230.71,428.5,140.83,6049.24,424.07
2025-01-22,223.83,235.01,446.2,147.07,6086.37,415.11
2025-01-23,223.66,235.42,446.71,147.22,6118.71,412.38
2025-01-24,222.78,234.85,444.06,142.62,6101.24,406.58
2025-01-27,229.86,235.42,434.56,118.42,6012.28,397.15
2025-01-28,238.26,238.15,447.2,128.99,6067.7,398.09
2025-01-29,239.36,237.07,442.33,123.7,6039.31,389.1
2025-01-30,237.59,234.64,414.99,124.65,6071.17,400.28
2025-01-31,236.0,237.68,415.06,120.07,6040.53,404.6
2025-02-03,228.01,237.42,410.92,116.66,5994.57,383.68
2025-02-04,232.8,242.06,412.37,118.65,6037.88,392.21
2025-02-05,232.47,236.17,413.29,124.83,6061.48,378.17
2025-02-06,233.22,238.83,415.82,128.68,6083.57,374.32
2025-02-07,227.63,229.15,409.75,129.84,6025.99,361.62
2025-02-10,227.65,233.14,412.22,133.57,6066.44,350.73
2025-02-11,232.62,232.76,411.44,132.8,6068.5,328.5
2025-02-12,236.87,228.93,409.04,131.14,6051.97,336.51
2025-02-13,241.53,230.37,410.54,135.29,6115.07,355.94
2025-02-14,244.6,228.68,408.43,138.85,6114.63,355.84
2025-02-18,244.47,226.65,409.64,139.4,6129.58,354.11
2025-02-19,244.87,226.63,414.77,139.23,6144.15,360.56
2025-02-20,245.83,222.88,416.13,140.11,6117.52,354.4
2025-02-21,245.55,216.58,408.21,134.43,6013.13,337.8
2025-02-24,247.1,212.71,404.0,130.28,5983.25,330.53
2025-02-25,247.04,212.8,397.9,126.63,5955.25,302.8
2025-02-26,240.36,214.35,399.73,131.28,5956.06,290.8
2025-02-27,237.3,208.74,392.53,120.15,5861.57,281.95
2025-02-28,241.84,212.28,396.99,124.92,5954.5,292.98
2025-03-03,238.03,205.02,388.49,114.06,5849.72,284.65
2025-03-04,235.93,203.8,388.61,115.99,5778.15,272.04
2025-03-05,235.74,208.36,401.02,117.3,5842.63,279.1
2025-03-06,235.33,200.7,396.89,110.57,5738.52,263.45
2025-03-07,239.07,199.25,393.31,112.69,5770.2,262.67
2025-03-10,227.48,194.54,380.16,106.98,5614.56,222.15
2025-03-11,220.84,196.59,380.45,108.76,5572.07,230.58
2025-03-12,216.98,198.89,383.27,115.74,5599.3,248.09
2025-03-13,209.68,193.89,378.77,115.58,5521.52,240.68
2025-03-14,213.49,197.95,388.56,121.67,5638.94,249.98
2025-03-17,214.0,195.74,388.7,119.53,5675.12,238.01
2025-03-18,212.69,192.82,383.52,115.43,5614.66,225.31
2025-03-19,215.24,195.54,387.82,117.52,5675.29,235.86
2025-03-20,214.1,194.95,386.84,118.53,5662.89,236.26
2025-03-21,218.27,196.21,391.26,117.7,5667.56,248.71
2025-03-24,220.73,203.26,393.08,121.41,5767.57,278.39
2025-03-25,223.75,205.71,395.16,120.69,5776.65,288.14
2025-03-26,221.53,201.13,389.97,113.76,5712.2,272.06
2025-03-27,223.85,201.36,390.58,111.43,5693.31,273.13
2025-03-28,217.9,192.72,378.8,109.67,5580.94,263.55
2025-03-31,222.13,190.26,375.39,108.38,5611.85,259.16
2025-04-01,223.19,192.17,382.19,110.15,5633.07,268.46
2025-04-02,223.89,196.01,382.14,110.42,5670.97,282.76
2025-04-03,203.19,178.41,373.11,101.8,5396.52,267.28
2025-04-04,188.38,171.0,359.84,94.31,5074.08,239.43
2025-04-07,181.46,175.26,357.86,97.64,5062.25,233.29
2025-04-08,172.42,170.66,354.56,96.3,4982.77,221.86
2025-04-09,198.85,191.1,390.49,114.33,5456.9,272.2
2025-04-10,190.42,181.22,381.35,107.57,5268.05,252.4
2025-04-11,198.15,184.87,388.45,110.93,5363.36,252.31
2025-04-14,202.52,182.12,387.81,110.71,5405.97,252.35
2025-04-15,202.14,179.59,385.73,112.2,5396.63,254.11
2025-04-16,194.27,174.33,371.61,104.49,5275.7,241.55
2025-04-17,196.98,172.61,367.78,101.49,5282.7,241.37
2025-04-21,193.16,167.32,359.12,96.91,5158.2,227.5
2025-04-22,199.74,173.18,366.82,98.89,5287.76,237.97
2025-04-23,204.6,180.6,374.39,102.71,5375.86,250.74
2025-04-24,208.37,186.54,387.3,106.43,5484.77,259.51
2025-04-25,209.28,188.99,391.85,111.01,5525.21,284.95
2025-04-28,210.14,187.7,391.16,108.73,5528.75,285.88
2025-04-29,211.21,187.39,394.04,109.02,5560.83,292.03
2025-04-30,212.5,184.42,395.26,108.92,5569.06,282.16
2025-05-01,213.32,190.2,425.4,111.61,5604.14,280.52
2025-05-02,205.35,189.98,435.28,114.5,5686.67,287.21
2025-05-05,198.89,186.35,436.17,113.82,5650.38,280.26
2025-05-06,198.51,185.01,433.31,113.54,5606.91,275.35
2025-05-07,196.25,188.71,433.35,117.06,5631.28,276.22
2025-05-08,197.49,192.08,438.17,117.37,5663.94,284.82
2025-05-09,198.53,193.06,438.73,116.65,5659.91,298.26
2025-05-12,210.79,208.64,449.26,123.0,5844.19,318.38
2025-05-13,212.93,211.37,449.14,129.93,5886.55,334.07
2025-05-14,212.33,210.25,452.94,135.34,5892.58,347.68
2025-05-15,211.45,205.17,453.13,134.83,5916.93,342.82
2025-05-16,211.26,205.59,454.27,135.4,5958.38,349.98
2025-05-19,208.78,206.16,458.87,135.57,5963.6,342.09
2025-05-20,206.86,204.07,458.17,134.38,5940.46,343.82
2025-05-21,202.09,201.12,452.57,131.8,5844.61,334.62
2025-05-22,201.36,203.1,454.86,132.83,5842.01,341.04
2025-05-23,195.27,200.99,450.18,131.29,5802.82,339.34
2025-05-27,200.21,206.02,460.69,135.5,5921.54,362.89
2025-05-28,200.42,204.72,457.36,134.81,5888.55,356.9
2025-05-29,199.95,205.7,458.68,139.19,5912.17,358.43
2025-05-30,200.85,205.01,460.36,135.13,5911.69,346.46
2025-06-02,201.7,206.65,461.97,137.38,5935.94,342.69
2025-06-03,203.27,205.71,462.97,141.22,5970.37,344.27
2025-06-04,202.82,207.23,463.87,141.92,5970.81,332.05
2025-06-05,200.63,207.91,467.68,139.99,5939.3,284.7
2025-06-06,203.92,213.57,470.38,141.72,6000.36,295.14
2025-06-09,201.45,216.98,472.75,142.63,6005.88,308.58
2025-06-10,202.67,217.61,470.92,143.96,6038.81,326.09
2025-06-11,198.78,213.2,472.62,142.83,6022.24,326.43
2025-06-12,199.2,213.24,478.87,145.0,6045.26,319.11
2025-06-13,196.45,212.1,474.96,141.97,5976.97,325.31
2025-06-16,198.42,216.1,479.14,144.69,6033.11,329.13
2025-06-17,195.64,214.82,478.04,144.12,5982.72,316.35
2025-06-18,196.58,212.52,480.24,145.48,5980.87,322.05
2025-06-20,201.0,209.69,477.4,143.85,5967.84,322.16
2025-06-23,201.5,208.47,486.0,144.17,6025.17,348.68
2025-06-24,200.3,212.77,490.11,147.9,6092.18,340.47
2025-06-25,201.56,211.99,492.27,154.31,6092.16,327.55
2025-06-26,201.0,217.12,497.45,155.02,6141.02,325.78
2025-06-27,201.08,223.3,495.94,157.75,6173.07,323.63
2025-06-30,205.17,219.39,497.41,157.99,6204.95,317.66
2025-07-01,207.82,220.46,492.05,153.3,6198.01,300.71
2025-07-02,212.44,219.92,491.09,157.25,6227.42,315.65
2025-07-03,213.55,223.41,498.84,159.34,6279.35,315.35
2025-07-07,209.95,223.47,497.72,158.24,6229.98,293.94
2025-07-08,210.01,219.36,496.62,160.0,6225.52,297.81
2025-07-09,211.14,222.54,503.51,162.88,6263.26,295.88
2025-07-10,212.41,222.26,501.48,164.1,6280.46,309.87
2025-07-11,211.16,225.02,503.32,164.92,6259.75,313.51
2025-07-14,208.62,225.69,503.02,164.07,6268.56,316.9
2025-07-15,209.11,226.35,505.82,170.7,6243.76,310.78
2025-07-16,210.16,223.19,505.62,171.37,6263.7,321.67
2025-07-17,210.02,223.88,511.7,173.0,6297.36,319.41
2025-07-18,211.18,226.13,510.05,172.41,6296.79,329.65
2025-07-21,212.48,229.3,510.06,171.38,6305.6,328.49
2025-07-22,214.4,227.47,505.27,167.03,6309.62,332.11
2025-07-23,214.15,228.29,505.87,170.78,6358.91,332.56
2025-07-24,213.76,232.23,510.88,173.74,6363.35,305.3
2025-07-25,213.88,231.44,513.71,173.5,6388.64,316.06
2025-07-28,214.05,232.79,512.5,176.75,6389.77,325.59
2025-07-29,211.27,231.01,512.57,175.51,6370.86,321.2
2025-07-30,209.05,230.19,513.24,179.27,6362.9,319.04
2025-07-31,207.57,234.11,533.5,177.87,6339.39,308.27
2025-08-01,202.38,214.75,524.11,173.72,6238.01,302.63
2025-08-04,203.35,211.65,535.64,180.0,6329.94,309.26
2025-08-05,202.92,213.75,527.75,178.26,6299.19,308.72
2025-08-06,213.25,222.31,524.94,179.42,6345.06,319.91
2025-08-07,220.03,223.13,520.84,180.77,6340.0,322.27
2025-08-08,229.35,222.69,522.04,182.7,6389.45,329.65
2025-08-11,227.18,221.3,521.77,182.06,6373.45,339.03
2025-08-12,229.65,221.47,529.24,183.16,6445.76,340.84
2025-08-13,233.33,224.56,520.58,181.59,6466.58,339.38
2025-08-14,232.78,230.98,522.48,182.02,6468.54,335.58
2025-08-15,231.59,231.03,520.17,180.45,6449.8,330.56
2025-08-18,230.89,231.49,517.1,182.01,6449.15,335.16
2025-08-19,230.56,228.01,509.77,175.64,6411.37,329.31
2025-08-20,226.01,223.81,505.72,175.4,6395.78,323.9
2025-08-21,224.9,221.95,504.24,174.98,6370.17,320.11
2025-08-22,227.76,228.84,507.23,177.99,6466.91,340.01
2025-08-25,227.16,227.94,504.26,179.81,6439.32,346.6
2025-08-26,229.31,228.71,502.04,181.77,6465.94,351.67
2025-08-27,230.49,229.12,506.74,181.6,6481.4,349.6
2025-08-28,232.56,231.6,509.64,180.17,6501.86,345.98
2025-08-29,232.14,229.0,506.69,174.18,6460.26,333.87
2025-09-02,229.72,225.34,505.12,170.78,6415.54,329.36
2025-09-03,238.47,225.99,505.35,170.62,6448.26,334.09
2025-09-04,239.78,235.68,507.97,171.66,6502.08,338.53
2025-09-05,239.69,232.33,495.0,167.02,6481.5,350.84
